"Alcala","Aldonza Lorenzo"
"Alfeniquen","Alfonso Munio"
"Alfeniquen","Alfonso VI"
"Alfonso","Alfonso VII"
"AlmodovarDelCampo","Almodovar del Campo"
"AlonsoQuixano","Alonso Quixano"
"AlonsoQuixano","Alonso Quixano"
"AlonzoLopez","Alonzo Lopez"
"AlvaroDeLuna","Alvaro de Luna"
"AnaFelix","Ana Felix"
"AndresPerlinero","Andres Perlerino"
"AnguloElMalo","Angulo el Malo's"
"AntoniaQuixana","Antonia Quixana"
"AntonioDeLofraso","Antonio de Lofraso"
"ArabiaFelix","Arabia Felix"
"Argamasilla","ARGAMASILLA"
"Avellaneda","Juana Avellaneda"
"BartholomewCarrasco","Bartholomew Carrasco"
"BartholomewCarrasco","Berengeneros"
"BernardoDelCarpio","Bernardo del Carpio"
"BernardoDelCarpio","Cardenio—"they"
"CasildeaDeVandalia","Casildea de Vandalia"
"CasildeaDeVandalia","Casildea de Vandalia"
"CatoZonzorino","Cato Zonzorino"
"CatoZonzorino","Christian Sancho"
"CidRuyDiaz","Cid Ruy Diaz"
"CideHameteBenengeli","Benengeli"
"CideHameteBenengeli","Cide Hamete Benengeli"
"CideHameteBenengeli","Cide Hamete Benengeli"
"CideHameteBenengeli","Cide Hamete Berengena"
"CideHameteBenengeli","Cide Hamete"
"CideHameteBenengeli","Cide Hamete"
"CideHameteBenengeli","Cide Hamete's"
"CideHameteBenengeli","Cide"
"CideHameteBenengeli","Cide'—which"
"CideHameteBenengeli","Hamete Benengeli"
"CideHameteBenengeli","Hamete"
"ClaraDeViedma","Dona Clara de Viedma"
"ClaraDeViedma","Dona Clara"
"ClaraDeViedma","Dona Clara's"
"ClaraDeViedma","Senora Clara"
"ClaraPerlerina","Clara Perlerina"
"ClaudiaJeronima","Claudia Jeronima"
"ClauquelTorrellas","Clauquel Torrellas"
"CountessLobuna","Countess Lobuna"
"CountessZorruna","Countess Zorruna"
"CristobalDeFigueroa","Cristobal de Figueroa"
"DaliMami","Dali Mami"
"Dapple","Dapple bray"
"DiegoPerezDeVargas","Diego Perez de Vargas"
"DiegoUrbina","Diego Urbina"
"DonAlonsoDeErcilla","Don Alonso de Ercilla"
"DonAlonsoDeMaranon","Don Alonso de Maranon"
"DonAlvaro","Don Alvaro"
"DonAlvaro","Don Ginesillo de Paropillo"
"DonAlvaroTarfe","Don Alvaro Tarfe"
"DonAlvaroTarfe","Don Alvaro de Bazan"
"DonAlvaroTarfe","Senor Don Alvaro Tarfe"
"DonAlvaroTarfe","Senor Don Alvaro"
"DonAntonioMoreno","Don Antonia Moreno"
"DonAntonioMoreno","Don Antonio Moreno"
"DonAntonioMoreno","Don Antonio"
"DonAntonioMoreno","Don Antonio"
"DonAntonioMoreno","Don Antonio's"
"DonAntonioMoreno","Don Antonio's"
"DonAntonioMoreno","Senor Don Antonio"
"DonAzote","Don Azote"
"DonBelianis","Don Belianis"
"DonBernardinoDeVelasco","Don Bernardino de Velasco"
"DonBumpkin","Don Bumpkin"
"DonCirongilio","Don Cirongilio"
"DonClavijo","Don Clavijo"
"DonClavijo","Don Clavijo"
"DonClavijo","Don Clavijo's"
"DonClown","Don Clown"
"DonCudgelled","Don Cudgelled"
"DonDevil","Don Devil"
"DonDiegoDeMiranda","Don Diego de Miranda"
"DonDiegoDeMiranda","Don Diego de Miranda"
"DonDiegoDeMiranda","Don Diego de Miranda's"
"DonDiegoDeMiranda","Don Diego"
"DonDiegoDeMiranda","Don Diego's"
"DonDiegoDeMiranda","Senor Don Diego de Miranda"
"DonDiegoDeMiranda","Senor Don Diego"
"DonFelixPacheco","Don Felix Pacheco"
"DonFelixmarte","Don Felixmarte"
"DonFelixmarte","Felixmarte of Hircania"
"DonFelixmarte","Felixmarte"
"DonFelixmarte","Felixmartes"
"DonFernando","Don Fernando de Guevara"
"DonFernando","Don Fernando"
"DonFernando","Don Fernando"
"DonFernando","Don Fernando's"
"DonFernando","Don Fernando's"
"DonFernando","Senor Don Fernando"
"DonGaiferos","Don Gaiferos Don"
"DonGaiferos","Don Gaiferos"
"DonGaiferos","Senor Don Gaiferos"
"DonGalaor","Don Galaor"
"DonGaspar","Don Gaspar Gregorio"
"DonGaspar","Don Gaspar"
"DonGaspar","Don Gaspar"
"DonGigote","Don Gigote"
"DonGinesilloDeParapilla","Don Ginesillo de Parapilla"
"DonGonzaloDeGuzman","Don Gonzalo de Guzman"
"DonGregorio","Don Gregorio"
"DonGregorio","Don Gregorio"
"DonGregorio","Don Pedro Gregorio"
"DonJeronimo","Don Jeronimo"
"DonJeronimo","Senor Don Jeronimo"
"DonJuanDeJauregui","Don Juan de Jauregui"
"DonJuanZanoguera","Don Juan Zanoguera"
"DonKyrieleison","Don Kyrieleison"
"DonLancelot","Don Lancelot"
"DonLorenzo","Don Lorenzo"
"DonLorenzo","Don Lorenzo's"
"DonLorenzo","Don Lorenzo's"
"DonLorenzo","Senor Don Lorenzo"
"DonLuis","Don Luis"
"DonLuis","Senor Don Luis"
"DonLuisDeAvila","Don Luis de Avila"
"DonLuisDeAvila","Don Luis"
"DonLuisDeAvila","Don Luis's"
"DonManuelDeLeon","Don Manuel de Leon"
"DonMiguelDeMoncada","Don Miguel de Moncada's"
"DonOlivanteDeLaura","Don Olivante de Laura"
"DonParalipomenon","Don Paralipomenon"
"DonPedroDeAguilar","Don Pedro de Aguilar"
"DonPedroDeAguilar","Don Pedro de Aguilar"
"DonPedroDeAguilar","Don Pedro de Aguilar"
"DonPedroDeAguilar","Don Pedro"
"DonPedroNoriz","Don Pedro Noriz"
"DonPhilip","Don Philip"
"DonQuixote","DON QUIXOTE DELIVERED"
"DonQuixote","DON QUIXOTE TOOK"
"DonQuixote","DON QUIXOTE"
"DonQuixote","DON QUIXOTE'S"
"DonQuixote","Don   Quixote"
"DonQuixote","Don Quixote"
"DonQuixote","Don Quixote"
"DonQuixote","Don Quixote"
"DonQuixote","Don Quixote's"
"DonQuixote","Don Quixote's"
"DonQuixote","Don Quixotes"
"DonQuixote","Quixote"
"DonQuixote","Senor Don Quixote"
"DonQuixote","Senor Don Quixote's"
"DonRodrigo","Don Rodrigo de Narvaez"
"DonRodrigo","Don Rodrigo"
"DonRodrigo","Senor Don Rodrigo de Narvaez"
"DonRoland","Don Roland"
"DonRugel","Don Rugel"
"DonSaintGeorge","Don Saint George"
"DonStockfish","Don Stockfish"
"DonVicente","Don Vicente Torrellas"
"DonVicente","Don Vicente"
"DonVicente","Don Vicente's"
"DonaBelerma","Dona Belerma"
"DonaCatelina","Dona Catalina de Palacios Salazar y Vozmediano"
"DonaChristina","Dona Christina"
"DonaDulcineaDelToboso","Dona Dulcinea del Toboso"
"DonaDulcineaDelToboso","Dona Dulcinea"
"DonaDulcineaDelToboso","Dulcinea del Toboso"
"DonaDulcineaDelToboso","Dulcinea"
"DonaDulcineaDelToboso","Dulcineas"
"DonaGuiomarDeQuinones","Dona Guiomar de Quinones"
"DonaGuiomarDeQuinones","Senora Dona Guiomar de Quinones"
"DonaIsabelDeSaavedra","Dona Isabel de Saavedra"
"DonaIsabelDeSaavedra","Isabel de Saavedra"
"DonaLeonorDeCortinas","Dona Leonor de Cortinas"
"DonaMaguncia","Dona Maguncia"
"DonaMelisandra","Dona Melisandra"
"DonaMenciaDeQuinones","Dona Mencia de Quinones"
"DonaMolinera","Dona Molinera"
"DonaRodriguez","DONA RODRIGUEZ   CHAPTER LIII"
"DonaRodriguez","DONA RODRIGUEZ CHAPTER LIII"
"DonaRodriguez","DONA RODRIGUEZ"
"DonaRodriguez","Dona Rodriguez de Grijalba"
"DonaRodriguez","Dona Rodriguez"
"DonaRodriguez","Dona Rodriguez's"
"DonaRodriguez","Senora Dona Rodriguez"
"DonaRodriguez","this Dona Rodriguez"
"DonaTeresaPanza","Dona Sancha's"
"DonaTeresaPanza","Dona Teresa Panza"
"DonaTeresaPanza","TERESA PANZA"
"DonaTeresaPanza","Teresa Panza"
"DonaTeresaPanza","Teresa Panza's"
"EnriqueDeRemesten","Enrique de Remesten"
"FelicianoDeSilva","Feliciano de Silva"
"FelicianoDeSilva","Feliciano de Silva's"
"FranciscaRicota","Francisca Ricota"
"GabrioCerbellon","Gabrio Cerbellon"
"GarciOrdonezDeMontalvo","Garci Ordonez de Montalvo"
"GarciaDeParedes","Garcia de Paredes"
"GarcilasoDeLaVega","Garcilaso de la Vega"
"GarcilasoDeLaVega","Garcilasso"
"GilPolo","Gil Polo"
"GilPolo","Gil Polo's"
"GinesDePasamonte","Gines de Pasamonte"
"GonzaloFernandezDeCordova","Gonzalo Fernandez de Cordova"
"GonzaloFernandezDeCordova","Gonzalo Fernandez"
"GonzaloGomez","Gonzalo Gomez"
"GonzaloHernandezDeCordova","Gonzalo Hernandez de Cordova"
"GuarinoMezquino","Guarino Mezquino"
"GustaveDore","Gustave Dore"
"GustaveDore","Gustave Dore's"
"GutierreQuixada","Gutierre Quixada"
"GutierreQuixada","Senor Quixada"
"HadjiMorato","Hadji Morato"
"HadjiMorato","Hadji Morato's"
"JorgeDeMontemayor","Jorge de Montemayor"
"JuanArias","Juan Arias"
"JuanDeMena","Juan de Mena"
"JuanGil","Juan Gil"
"JuanHaldudo","Juan Haldudo the Rich"
"JuanLopezDeHoyos","Juan Lopez de Hoyos"
"JuanPalomeque","Juan Palomeque"
"JuanPerezDeViedma","Juan Perez de Viedma"
"JuanRufo","Juan Rufo"
"JuanTiopieyo","Juan Tiopieyo"
"JuanTocho","Juan Tocho's"
"JuanaGutierrez","Juana Gutierrez"
"JuanofUbeda","Juan of Ubeda"
"LadyOriana","the Lady Oriana"
"LazarilloDeTormes","Lazarillo de Tormes"
"LelaMarien","Lela Marien"
"LelaMarien","Lela Marien's"
"LelaZoraida","Lela Zoraida"
"LelaZoraida","Zoraida"
"LopeDeVega","Lope de Vega"
"LopeRuiz","Lope Ruiz"
"LopeRuiz","this Lope Ruiz"
"LopeTocho","Lope Tocho"
"LorenzoCorchuelo","Lorenzo Corchuelo"
"LorenzoCorchuelo","Lorenzo Corchuelo's"
"LuigiTansillo","Luigi Tansillo"
"MagdalenaDeSotomayor","Magdalena de Sotomayor"
"ManuelPonceDeLeon","Manuel Ponce de Leon's"
"MariGutierrez","Mari Gutierrez"
"MatteoBoiardo","Matteo Boiardo"
"MiguelDeCervantes","Cervantes Saavedra"
"MiguelDeCervantes","Cervantes"
"MiguelDeCervantes","Miguel de Cervantes Saavedra"
"MiguelDeCervantes","Miguel de Cervantes"
"MingoRevulgo","Mingo Revulgo"
"MingoSilvato","Mingo Silvato's"
"MosenLuisDeFalces","Mosen Luis de Falces"
"Pandahilado","Senor Pandahilado's"
"PedroAlonso","Pedro Alonso"
"PedroBarba","Pedro Barba"
"PedroCarrilloDeQuesada","Pedro Carrillo de Quesada"
"PedroLobo","Pedro Lobo's"
"PedroMartinez","Pedro Martinez"
"PedroPerez","Pedro Perez"
"PedroRecioAgilers","Pedro Recio Agilers"
"PedroRecioAgilers","Pedro Recio"
"PedroRecioAgilers","Recio"
"PierresPapin","Pierres Papin"
"PolydoreVergil","Polydore Vergil"
"PrincessMicomicona","PRINCESS MICOMICONA"
"PrincessMicomicona","Princess Micomicona"
"PrincessMicomicona","the Princess Micomicona"
"RamonDeHoces","Ramon de Hoces"
"Rocinante","ROCINANTE"
"Rocinante","Rocinante fa"
"Rocinante","Rocinante"
"RoderickOfVivar","Roderick of Vivar"
"RodrigoMendezSilva","Rodrigo Mendez Silva"
"RodrigoOsorio","Rodrigo Osorio"
"RoqueGuinart","Roque Guinart"
"SamsonCarrasco","Carrasco"
"SamsonCarrasco","Carrascon"
"SamsonCarrasco","SAMSON CARRASCO Don Quixote"
"SamsonCarrasco","SAMSON CARRASCO"
"SamsonCarrasco","Senor Samson"
"SamsonCarrasco","Senor Samson's"
"SanchoPanza","BEFELL SANCHO PANZA"
"SanchoPanza","BEFELL SANCHO"
"SanchoPanza","Don Sancho Panza"
"SanchoPanza","Don Sancho Panza"
"SanchoPanza","O Sancho"
"SanchoPanza","Panza"
"SanchoPanza","Panzas"
"SanchoPanza","Run Sancho"
"SanchoPanza","SANCHO PANZA"
"SanchoPanza","SANCHO"
"SanchoPanza","SQUIRE SANCHO"
"SanchoPanza","Sancho Panza"
"SanchoPanza","Sancho Panza's"
"SanchoPanza","Sancho Panzas"
"SanchoPanza","Sancho"
"SanchoPanza","Sancho's"
"SanchoPanza","Sancho-and"
"SanchoPanza","Senor Don Sancho Panza"
"SanchoPanza","this Sancho Panza"
"SergasDeEsplandian","Sergas de Esplandian"
"SimonForte","Simon Forte"
"TenorioHernandez","Tenorio Hernandez"
"TeresaCascajo","Teresa Cascajo"
"TinacrioTheSapient","Tinacrio the Sapient"
"Trifaldi","Senora Trifaldi"
"Trifaldi","TRIFALDI"
"Trifaldi","Trifaldi"
"UchaliFartax","Uchali Fartax"
"VellidoDolfos","Vellido Dolfos"
"VicenteDeLaRoca","Vicente de la Roca"
"VirgilCirce","Virgil Circe"
"VirgilCirce","this Vicente de la Roca"