"AbigailCohen","Abigail Cohen"
"AdilAbdallahMahdi","Adil Abdallah Mahdi"
"AdrianSanchez","Adrian Sanchez"
"AjayKundra","Ajay Kundra"
"AlastairBlunt","Alastair Blunt"
"AlastairBlunt","Alastair Blunt’s"
"AlastairBlunt","Blunt"
"AlejandroJuarez","Alejandro Juarez"
"AlgerHiss","Alger Hiss"
"AliAlHaidari","Ali al-Haidari"
"Alice","ALICE"
"Alice","Alice Sharks"
"Alice","Alice"
"Alice","Mary-Alice Dodge"
"Alice","Mary-Alice"
"Alice","Samantha Bargeman"
"Alice","Samantha Mary-Alice"
"Alice","Samantha-Mary"
"Alice","Sweet Mary-Alice"
"AmarAlaJaafari","Ala Jaafari"
"AmarAlaJaafari","Amar Ala Jaafari"
"AmarAlaJaafari","JAAFARI"
"AmarAlaJaafari","Jaafari"
"AmarAlaJaafari","Jaafaris"
"AndrewDavis","Andrew Davis"
"AngelaNg","Angela Ng"
"ArleneLester","Arlene Lester"
"AshleyBrownstein","Ashley Brownstein"
"BarryFeatherman","Barry Featherman"
"BenRogers","Ben Rogers"
"BonnieSlotnick","Bonnie Slotnick"
"BrendaKahn","Brenda Kahn"
"CarolineKoo","Caroline Koo"
"CatherineFlaherty","Catherine Flaherty"
"ClaudioAbbado","Claudio Abbado"
"EmmanuelPahud","Emmanuel Pahud"
"ErikaSeidl","Erika Seidl"
"EzraBlazer","Blazer"
"EzraBlazer","EZRA BLAZER"
"EzraBlazer","EZRA"
"EzraBlazer","Ez"
"EzraBlazer","Ezra Blazer"
"EzraBlazer","Ezra"
"FeliciaPorges","Felicia Porges"
"GeorgeSzell","George Szell"
"GhaziHammidAlUbaydi","Ghazi Hammud al-Ubaydi"
"HannahArendt","HANNAH ARENDT"
"HannahArendt","Hannah Arendt"
"HelenPincus","Helen Pincus"
"HermannWalz","Hermann Walz"
"HudaSalihMahdiAmmash","Huda Salih Mahdi Ammash"
"HudaSalihMahdiAmmash","Imam Usman’s"
"HudaSalihMahdiAmmash","Mohammad Usman"
"ImamMohammedUsman","Imam Mohammed Usman"
"IraObstbaum","Ira Obstbaum"
"JoHarper","Jo Harper"
"JonathanSchwartz","Jonathan Schwartz"
"JosephRotblat","Rotblat"
"JosephStiglitz","Joseph Stiglitz’s"
"KristineCrowley","Kristine Crowley"
"LauraBarth","Laura Barth"
"LottieSimms","Lottie Simms"
"Madeline","Maddie"
"Madeline","Maddie/Olga/Anfisa"
"MaxwellFischer","Max Fischer"
"MaxwellFischer","Maxwell Fischer"
"MuhamadSalihDilan","Muhamad Salih Dilan"
"NancyLamott","Nancy LaMott"
"NatashaStowe","Natasha Stowe"
"NigelPugh","Nigel Pugh"
"OliviaWu","Olivia Wu"
"PurvaSingh","Purva Singh"
"QusayHussein","Hussein"
"QusayHussein","Qusay Hussein"
"QusayHussein","Qusay"
"RafaelMoreno","Rafael Moreno"
"RashidTaanKazim","Rashid Taan Kazim"
"SabahAlKhair","Sabah al-khair"
"SabahAlNoor","Sabah al-noor"
"SoneshPrakashSingh","Sonesh Prakash Singh"
"UglaAbidSaqrAlKubaysi","Ugla Abid Saqr al-Kubaysi"